Form in Google Forms,Form in hockey reference,HTML
ANDERSEN CAR,Frederik Andersen,https://www.hockey-reference.com/playoffs/NHL_2025_goalies.html
BINNINGTON STL,Jordan Binnington,https://www.hockey-reference.com/playoffs/NHL_2025_goalies.html
BLACKWOOD COL,Mackenzie Blackwood,https://www.hockey-reference.com/playoffs/NHL_2025_goalies.html
BOBROVSKY FLA,Sergei Bobrovsky,https://www.hockey-reference.com/playoffs/NHL_2025_goalies.html
DAWS NJD,Daws,https://www.hockey-reference.com/playoffs/NHL_2025_goalies.html
FLEURY MIN,Fleury,https://www.hockey-reference.com/playoffs/NHL_2025_goalies.html
GUSTAFSSON MIN,Filip Gustavsson,https://www.hockey-reference.com/playoffs/NHL_2025_goalies.html
HELLEBUYCK WPG,Connor Hellebuyck,https://www.hockey-reference.com/playoffs/NHL_2025_goalies.html
HILL VGK,Adin Hill,https://www.hockey-reference.com/playoffs/NHL_2025_goalies.html
KOTCHETKOV CAR,Kotchetkov,https://www.hockey-reference.com/playoffs/NHL_2025_goalies.html
KUEMPER LAK,Darcy Kuemper,https://www.hockey-reference.com/playoffs/NHL_2025_goalies.html
LINDGREN WSH,Lindgren,https://www.hockey-reference.com/playoffs/NHL_2025_goalies.html
MARKSTROM NJD,Jacob Markström,https://www.hockey-reference.com/playoffs/NHL_2025_goalies.html
MONTEMBEAULT MTL,Sam Montembeault,https://www.hockey-reference.com/playoffs/NHL_2025_goalies.html
OETTINGER DAL,Jake Oettinger,https://www.hockey-reference.com/playoffs/NHL_2025_goalies.html
PICKARD EDM,Calvin Pickard,https://www.hockey-reference.com/playoffs/NHL_2025_goalies.html
RITTICH LAK,Rittich,https://www.hockey-reference.com/playoffs/NHL_2025_goalies.html
SAMSONOV VGK,Samsonov,https://www.hockey-reference.com/playoffs/NHL_2025_goalies.html
SKINNER EDM,Stuart Skinner,https://www.hockey-reference.com/playoffs/NHL_2025_goalies.html
STOLARZ TOR,Anthony Stolarz,https://www.hockey-reference.com/playoffs/NHL_2025_goalies.html
THOMPSON WSH,Logan Thompson,https://www.hockey-reference.com/playoffs/NHL_2025_goalies.html
ULLMARK OTT,Linus Ullmark,https://www.hockey-reference.com/playoffs/NHL_2025_goalies.html
VASILEVSKIY TBL,Andrei Vasilevskiy,https://www.hockey-reference.com/playoffs/NHL_2025_goalies.html
WOLL TOR,Woll,https://www.hockey-reference.com/playoffs/NHL_2025_goalies.html
AARON EKBLAD FLA,Aaron Ekblad,https://www.hockey-reference.com/playoffs/NHL_2025_skaters.html
ADAM HENRIQUE EDM,Adam Henrique,https://www.hockey-reference.com/playoffs/NHL_2025_skaters.html
ADAM LOWRY WPG,Adam Lowry,https://www.hockey-reference.com/playoffs/NHL_2025_skaters.html
ADRIAN KEMPE LAK,Adrian Kempe,https://www.hockey-reference.com/playoffs/NHL_2025_skaters.html
ALEKSANDER BARKOV FLA,Aleksander Barkov,https://www.hockey-reference.com/playoffs/NHL_2025_skaters.html
ALEX OVECHKIN WSH,Alex Ovechkin,https://www.hockey-reference.com/playoffs/NHL_2025_skaters.html
ALEX PIETRANGELO VGK,Alex Pietrangelo,https://www.hockey-reference.com/playoffs/NHL_2025_skaters.html
ALIAKSEI PROTAS WSH,Aliaksei Protas,https://www.hockey-reference.com/playoffs/NHL_2025_skaters.html
ANDREI KUZMENKO LAK,Andrei Kuzmenko,https://www.hockey-reference.com/playoffs/NHL_2025_skaters.html
ANDREI SVECHNIKOV CAR,Andrei Svechnikov,https://www.hockey-reference.com/playoffs/NHL_2025_skaters.html
ANTHONY CIRELLI TBL,Anthony Cirelli,https://www.hockey-reference.com/playoffs/NHL_2025_skaters.html
ANTON LUNDELL FLA,Anton Lundell,https://www.hockey-reference.com/playoffs/NHL_2025_skaters.html
ANZE KOPITAR LAK,Anže Kopitar,https://www.hockey-reference.com/playoffs/NHL_2025_skaters.html
ARTTURI LEHKONEN COL,Artturi Lehkonen,https://www.hockey-reference.com/playoffs/NHL_2025_skaters.html
AUSTON MATTHEWS TOR,Auston Matthews,https://www.hockey-reference.com/playoffs/NHL_2025_skaters.html
BOBBY MCMANN TOR,Bobby McMann,https://www.hockey-reference.com/playoffs/NHL_2025_skaters.html
BRAD MARCHAND FLA,Brad Marchand,https://www.hockey-reference.com/playoffs/NHL_2025_skaters.html
BRADY TKACHUK OTT,Brady Tkachuk,https://www.hockey-reference.com/playoffs/NHL_2025_skaters.html
BRANDON HAGEL TBL,Brandon Hagel,https://www.hockey-reference.com/playoffs/NHL_2025_skaters.html
BRANDT CLARKE LAK,Brandt Clarke,https://www.hockey-reference.com/playoffs/NHL_2025_skaters.html
BRAYDEN POINT TBL,Brayden Point,https://www.hockey-reference.com/playoffs/NHL_2025_skaters.html
BRAYDEN SCHENN STL,Brayden Schenn,https://www.hockey-reference.com/playoffs/NHL_2025_skaters.html
BRETT HOWDEN VGK,Brett Howden,https://www.hockey-reference.com/playoffs/NHL_2025_skaters.html
BROCK FABER MIN,Brock Faber,https://www.hockey-reference.com/playoffs/NHL_2025_skaters.html
BROCK NELSON COL,Brock Nelson,https://www.hockey-reference.com/playoffs/NHL_2025_skaters.html
CALE MAKAR COL,Cale Makar,https://www.hockey-reference.com/playoffs/NHL_2025_skaters.html
CAM FOWLER STL,Cam Fowler,https://www.hockey-reference.com/playoffs/NHL_2025_skaters.html
CARTER VERHAEGHE FLA,Carter Verhaeghe,https://www.hockey-reference.com/playoffs/NHL_2025_skaters.html
CHARLIE COYLE COL,Charlie Coyle,https://www.hockey-reference.com/playoffs/NHL_2025_skaters.html
CLAUDE GIROUX OTT,Claude Giroux,https://www.hockey-reference.com/playoffs/NHL_2025_skaters.html
COLE CAUFIELD MTL,Cole Caufield,https://www.hockey-reference.com/playoffs/NHL_2025_skaters.html
COLE PERFETTI WPG,Cole Perfetti,https://www.hockey-reference.com/playoffs/NHL_2025_skaters.html
COLTON PARAYKO STL,Colton Parayko,https://www.hockey-reference.com/playoffs/NHL_2025_skaters.html
CONNOR MCDAVID EDM,Connor McDavid,https://www.hockey-reference.com/playoffs/NHL_2025_skaters.html
CONNOR MCMICHAEL WSH,Connor McMichael,https://www.hockey-reference.com/playoffs/NHL_2025_skaters.html
COREY PERRY EDM,Corey Perry,https://www.hockey-reference.com/playoffs/NHL_2025_skaters.html
DARNELL NURSE EDM,Darnell Nurse,https://www.hockey-reference.com/playoffs/NHL_2025_skaters.html
DAWSON MERCER NJD,Dawson Mercer,https://www.hockey-reference.com/playoffs/NHL_2025_skaters.html
DEVON TOEWS COL,Devon Toews,https://www.hockey-reference.com/playoffs/NHL_2025_skaters.html
DMITRY ORLOV CAR,Dmitry Orlov,https://www.hockey-reference.com/playoffs/NHL_2025_skaters.html
DOUGIE HAMILTON NJD,Dougie Hamilton,https://www.hockey-reference.com/playoffs/NHL_2025_skaters.html
DRAKE BATHERSON OTT,Drake Batherson,https://www.hockey-reference.com/playoffs/NHL_2025_skaters.html
DREW DOUGHTY LAK,Drew Doughty,https://www.hockey-reference.com/playoffs/NHL_2025_skaters.html
DYLAN COZENS OTT,Dylan Cozens,https://www.hockey-reference.com/playoffs/NHL_2025_skaters.html
DYLAN HOLLOWAY STL,Dylan Holloway,https://www.hockey-reference.com/playoffs/NHL_2025_skaters.html
DYLAN STROME WSH,Dylan Strome,https://www.hockey-reference.com/playoffs/NHL_2025_skaters.html
ESA LINDELL DAL,Esa Lindell,https://www.hockey-reference.com/playoffs/NHL_2025_skaters.html
EVAN BOUCHARD EDM,Evan Bouchard,https://www.hockey-reference.com/playoffs/NHL_2025_skaters.html
GABRIEL VILARDI WPG,Gabriel Vilardi,https://www.hockey-reference.com/playoffs/NHL_2025_skaters.html
GUSTAV FORSLING FLA,Gustav Forsling,https://www.hockey-reference.com/playoffs/NHL_2025_skaters.html
IVAN BARBASHEV VGK,Ivan Barbashev,https://www.hockey-reference.com/playoffs/NHL_2025_skaters.html
IVAN DEMIDOV MTL,Ivan Demidov,https://www.hockey-reference.com/playoffs/NHL_2025_skaters.html
JACK EICHEL VGK,Jack Eichel,https://www.hockey-reference.com/playoffs/NHL_2025_skaters.html
JACK HUGHES NJD,Jack Hughes,https://www.hockey-reference.com/playoffs/NHL_2025_skaters.html
JACK ROSLOVIC CAR,Jack Roslovic,https://www.hockey-reference.com/playoffs/NHL_2025_skaters.html
JAKE EVANS MTL,Jake Evans,https://www.hockey-reference.com/playoffs/NHL_2025_skaters.html
JAKE GUENTZEL TBL,Jake Guentzel,https://www.hockey-reference.com/playoffs/NHL_2025_skaters.html
JAKE NEIGHBOURS STL,Jake Neighbours,https://www.hockey-reference.com/playoffs/NHL_2025_skaters.html
JAKE SANDERSON OTT,Jake Sanderson,https://www.hockey-reference.com/playoffs/NHL_2025_skaters.html
JAKE WALMAN EDM,Jake Walman,https://www.hockey-reference.com/playoffs/NHL_2025_skaters.html
JAKOB CHYCHRUN WSH,Jakob Chychrun,https://www.hockey-reference.com/playoffs/NHL_2025_skaters.html
JAMIE BENN DAL,Jamie Benn,https://www.hockey-reference.com/playoffs/NHL_2025_skaters.html
JARED SPURGEON MIN,Jared Spurgeon,https://www.hockey-reference.com/playoffs/NHL_2025_skaters.html
JASON ROBERTSON DAL,Jason Robertson,https://www.hockey-reference.com/playoffs/NHL_2025_skaters.html
JESPER BRATT NJD,Jesper Bratt,https://www.hockey-reference.com/playoffs/NHL_2025_skaters.html
JOEL ERIKSSON EK MIN,Joel Eriksson Ek,https://www.hockey-reference.com/playoffs/NHL_2025_skaters.html
JOHN CARLSON WSH,John Carlson,https://www.hockey-reference.com/playoffs/NHL_2025_skaters.html
JOHN TAVARES TOR,John Tavares,https://www.hockey-reference.com/playoffs/NHL_2025_skaters.html
JONATHAN DROUIN COL,Jonathan Drouin,https://www.hockey-reference.com/playoffs/NHL_2025_skaters.html
JORDAN KYROU STL,Jordan Kyrou,https://www.hockey-reference.com/playoffs/NHL_2025_skaters.html
JOSH MORRISSEY WPG,Josh Morrissey,https://www.hockey-reference.com/playoffs/NHL_2025_skaters.html
JURAJ SLAFKOVSKY MTL,Juraj Slafkovsky,https://www.hockey-reference.com/playoffs/NHL_2025_skaters.html
JUSTIN FAULK STL,Justin Faulk,https://www.hockey-reference.com/playoffs/NHL_2025_skaters.html
KEVIN FIALA LAK,Kevin Fiala,https://www.hockey-reference.com/playoffs/NHL_2025_skaters.html
KIRILL KAPRIZOV MIN,Kirill Kaprizov,https://www.hockey-reference.com/playoffs/NHL_2025_skaters.html
KYLE CONNOR WPG,Kyle Connor,https://www.hockey-reference.com/playoffs/NHL_2025_skaters.html
LANE HUTSON MTL,Lane Hutson,https://www.hockey-reference.com/playoffs/NHL_2025_skaters.html
LEON DRAISAITL EDM,Leon Draisaitl,https://www.hockey-reference.com/playoffs/NHL_2025_skaters.html
LOGAN STANKOVEN CAR,Logan Stankoven,https://www.hockey-reference.com/playoffs/NHL_2025_skaters.html
LUKE HUGHES NJD,Luke Hughes,https://www.hockey-reference.com/playoffs/NHL_2025_skaters.html
MARCO ROSSI MIN,Marco Rossi,https://www.hockey-reference.com/playoffs/NHL_2025_skaters.html
MARK SCHEIFELE WPG,Mark Scheifele,https://www.hockey-reference.com/playoffs/NHL_2025_skaters.html
MARK STONE VGK,Mark Stone,https://www.hockey-reference.com/playoffs/NHL_2025_skaters.html
MARTIN NECAS COL,Martin Necas,https://www.hockey-reference.com/playoffs/NHL_2025_skaters.html
MASON MARCHMENT DAL,Mason Marchment,https://www.hockey-reference.com/playoffs/NHL_2025_skaters.html
MATS ZUCCARELLO MIN,Mats Zuccarello,https://www.hockey-reference.com/playoffs/NHL_2025_skaters.html
MATT BOLDY MIN,Matt Boldy,https://www.hockey-reference.com/playoffs/NHL_2025_skaters.html
MATT DUCHENE DAL,Matt Duchene,https://www.hockey-reference.com/playoffs/NHL_2025_skaters.html
MATTHEW KNIES TOR,Matthew Knies,https://www.hockey-reference.com/playoffs/NHL_2025_skaters.html
MATTHEW TKACHUK FLA,Matthew Tkachuk,https://www.hockey-reference.com/playoffs/NHL_2025_skaters.html
MATTIAS EKHOLM EDM,Mattias Ekholm,https://www.hockey-reference.com/playoffs/NHL_2025_skaters.html
MAX DOMI TOR,Max Domi,https://www.hockey-reference.com/playoffs/NHL_2025_skaters.html
MIKAEL GRANLUND DAL,Mikael Granlund,https://www.hockey-reference.com/playoffs/NHL_2025_skaters.html
MIKE MATHESON MTL,Mike Matheson,https://www.hockey-reference.com/playoffs/NHL_2025_skaters.html
MIKKO RANTANEN DAL,Mikko Rantanen,https://www.hockey-reference.com/playoffs/NHL_2025_skaters.html
MITCH MARNER TOR,Mitch Marner,https://www.hockey-reference.com/playoffs/NHL_2025_skaters.html
MORGAN RIELLY TOR,Morgan Rielly,https://www.hockey-reference.com/playoffs/NHL_2025_skaters.html
NATHAN MACKINNON COL,Nathan MacKinnon,https://www.hockey-reference.com/playoffs/NHL_2025_skaters.html
NEAL PIONK WPG,Neal Pionk,https://www.hockey-reference.com/playoffs/NHL_2025_skaters.html
NICK PAUL TBL,Nick Paul,https://www.hockey-reference.com/playoffs/NHL_2025_skaters.html
NICK SUZUKI MTL,Nick Suzuki,https://www.hockey-reference.com/playoffs/NHL_2025_skaters.html
NICO HISCHIER NJD,Nico Hischier,https://www.hockey-reference.com/playoffs/NHL_2025_skaters.html
NICOLAS ROY VGK,Nicolas Roy,https://www.hockey-reference.com/playoffs/NHL_2025_skaters.html
NIKITA KUCHEROV TBL,Nikita Kucherov,https://www.hockey-reference.com/playoffs/NHL_2025_skaters.html
NIKOLAJ EHLERS WPG,Nikolaj Ehlers,https://www.hockey-reference.com/playoffs/NHL_2025_skaters.html
NOAH HANIFIN VGK,Noah Hanifin,https://www.hockey-reference.com/playoffs/NHL_2025_skaters.html
OLIVER BJORKSTRAND TBL,Oliver Bjorkstrand,https://www.hockey-reference.com/playoffs/NHL_2025_skaters.html
PATRIK LAINE MTL,Patrik Laine,https://www.hockey-reference.com/playoffs/NHL_2025_skaters.html
PAVEL BUCHNEVICH STL,Pavel Buchnevich,https://www.hockey-reference.com/playoffs/NHL_2025_skaters.html
PAVEL DOROFEYEV VGK,Pavel Dorofeyev,https://www.hockey-reference.com/playoffs/NHL_2025_skaters.html
PHILLIP DANAULT LAK,Phillip Danault,https://www.hockey-reference.com/playoffs/NHL_2025_skaters.html
PIERRE-LUC DUBOIS WSH,Pierre-Luc Dubois,https://www.hockey-reference.com/playoffs/NHL_2025_skaters.html
QUINTON BYFIELD LAK,Quinton Byfield,https://www.hockey-reference.com/playoffs/NHL_2025_skaters.html
RYAN NUGENT-HOPKINS EDM,Ryan Nugent-Hopkins,https://www.hockey-reference.com/playoffs/NHL_2025_skaters.html
SAM BENNETT FLA,Sam Bennett,https://www.hockey-reference.com/playoffs/NHL_2025_skaters.html
SAM REINHART FLA,Sam Reinhart,https://www.hockey-reference.com/playoffs/NHL_2025_skaters.html
SCOTT MORROW CAR,Scott Morrow,https://www.hockey-reference.com/playoffs/NHL_2025_skaters.html
SEBASTIAN AHO CAR,Sebastian Aho,https://www.hockey-reference.com/playoffs/NHL_2025_skaters.html
SETH JARVIS CAR,Seth Jarvis,https://www.hockey-reference.com/playoffs/NHL_2025_skaters.html
SETH JONES FLA,Seth Jones,https://www.hockey-reference.com/playoffs/NHL_2025_skaters.html
SHANE PINTO OTT,Shane Pinto,https://www.hockey-reference.com/playoffs/NHL_2025_skaters.html
SHAYNE GOSTISBEHERE CAR,Shayne Gostisbehere,https://www.hockey-reference.com/playoffs/NHL_2025_skaters.html
SHEA THEODORE VGK,Shea Theodore,https://www.hockey-reference.com/playoffs/NHL_2025_skaters.html
TAYLOR HALL CAR,Taylor Hall,https://www.hockey-reference.com/playoffs/NHL_2025_skaters.html
THOMAS CHABOT OTT,Thomas Chabot,https://www.hockey-reference.com/playoffs/NHL_2025_skaters.html
THOMAS HARLEY DAL,Thomas Harley,https://www.hockey-reference.com/playoffs/NHL_2025_skaters.html
TIM STUTZLE OTT,Tim Stützle,https://www.hockey-reference.com/playoffs/NHL_2025_skaters.html
TIMO MEIER NJD,Timo Meier,https://www.hockey-reference.com/playoffs/NHL_2025_skaters.html
TOM WILSON WSH,Tom Wilson,https://www.hockey-reference.com/playoffs/NHL_2025_skaters.html
TOMAS HERTL VGK,Tomáš Hertl,https://www.hockey-reference.com/playoffs/NHL_2025_skaters.html
TREVOR MOORE LAK,Trevor Moore,https://www.hockey-reference.com/playoffs/NHL_2025_skaters.html
TYLER SEGUIN DAL,Tyler Seguin,https://www.hockey-reference.com/playoffs/NHL_2025_skaters.html
VALERI NICHUSHKIN COL,Valeri Nichushkin,https://www.hockey-reference.com/playoffs/NHL_2025_skaters.html
VICTOR HEDMAN TBL,Victor Hedman,https://www.hockey-reference.com/playoffs/NHL_2025_skaters.html
WILLIAM KARLSSON VGK,William Karlsson,https://www.hockey-reference.com/playoffs/NHL_2025_skaters.html
WILLIAM NYLANDER TOR,William Nylander,https://www.hockey-reference.com/playoffs/NHL_2025_skaters.html
WYATT JOHNSTON DAL,Wyatt Johnston,https://www.hockey-reference.com/playoffs/NHL_2025_skaters.html
ZACH HYMAN EDM,Zach Hyman,https://www.hockey-reference.com/playoffs/NHL_2025_skaters.html
ZACK BOLDUC STL,Zachary Bolduc,https://www.hockey-reference.com/playoffs/NHL_2025_skaters.html
